{
  "project_info": {
    "project_number": "650478616620",
    "project_id": "inventorymanagementsyste-b27ab",
    "storage_bucket": "inventorymanagementsyste-b27ab.appspot.com"
  },
  "client": [
    {
      "client_info": {
        "mobilesdk_app_id": "1:650478616620:android:1686dec8aa5f4c07d41189",
        "android_client_info": {
          "package_name": "com.example.origin_inventorymanagementsystem"
        }
      },
      "oauth_client": [
        {
          "client_id": "650478616620-52002st1v61e7a8knn0r5oahb1fi8hun.apps.googleusercontent.com",
          "client_type": 3
        }
      ],
      "api_key": [
        {
          "current_key": "AIzaSyBEFLH_goFd1vHMgzSM1_FxZKTpe-LwkL0"
        }
      ],
      "services": {
        "appinvite_service": {
          "other_platform_oauth_client": [
            {
              "client_id": "650478616620-52002st1v61e7a8knn0r5oahb1fi8hun.apps.googleusercontent.com",
              "client_type": 3
            }
          ]
        }
      }
    }
  ],
  "configuration_version": "1"
}